detection_rate,qc
0.999314583428242,yes
0.999157206813579,yes
0.99933322013261,yes
